ID	name	surname	pesel	email	phone	city	postcode
1	Krystyna	Wawrzyk	00242286279	krystyna.wawrzyk@hotmail.com	+48576115677	Żyrardów	86-509
2	Gaja	Kordus	41030347488	gaja.kordus@o2.pl	537676405	Koło	99-096
3	Iwo	Ochnik	65012985185	iwo.ochnik@hotmail.com	533979719	Piaseczno	52-778
4	Hubert	Gniewek	14080302879	hubert.gniewek@gmail.com	538177241	Grodzisk Mazowiecki	90-874
5	Jan	Hajdas	06251326814	jan.hajdas@gmail.com	+48533484616	Piotrków Trybunalski	20-666
6	Cyprian	Kołaczek	55071210737	cyprian.kołaczek@onet.pl	+48223532538	Chorzów	34-883
7	Kornelia	Such	97123135683	kornelia.such@gmail.com	+48739547979	Przemyśl	26-566
8	Alan	Wejman	17272548219	alan.wejman@yahoo.com	+48726349185	Żory	67-539
9	Jan	Krysta	23060987962	jan.krysta@yahoo.com	537350741	Ostrowiec Świętokrzyski	78-732
10	Kornelia	Marat	22230395448	kornelia.marat@hotmail.com	325495763	Środa Wielkopolska	68-891
11	Rafał	Pysz	20323196419	rafał.pysz@o2.pl	+48662881020	Augustów	31-052
12	Mateusz	Gryska	49011586035	mateusz.gryska@gmail.com	734250103	Szczecin	80-599
13	Hubert	Złotek	23300185912	hubert.złotek@o2.pl	+48607353290	Częstochowa	79-881
